Row Labels,Number of schools,Delivery Booked?,% schools booked that booked Bikeability,Levels 1 and 2 places attended (2020/21),Level 3 Places Attended (2020/21),Sum of Plus Places Attended (2020),Total Places attended (2020/21),No Delivery due to Covid
CO8,1,1,100,0,0,0,0,Yes
EX3,2,2,100,0,0,0,0,Yes
EX35,1,1,100,0,0,0,0,Yes
NE18,1,1,100,0,0,0,0,Yes
RH3,1,1,100,0,0,0,0,Yes
RM20,1,1,100,0,0,0,0,Yes
RH7,4,3,75,0,0,0,0,Yes
WR7,4,3,75,0,0,0,0,Yes
BH5,3,2,67,0,0,0,0,Yes
EX10,6,4,67,0,0,0,0,Yes
EX7,6,4,67,0,0,0,0,Yes
HU14,3,2,67,0,0,0,0,Yes
PE16,3,2,67,0,0,0,0,Yes
TN19,3,2,67,0,0,0,0,Yes
TN39,6,4,67,0,0,0,0,Yes
SN11,12,7,58,0,0,0,0,Yes
CB7,9,5,56,0,0,0,0,Yes
HX7,11,6,55,0,0,0,0,Yes
CA27,2,1,50,0,0,0,0,Yes
CM24,4,2,50,0,0,0,0,Yes
CM5,6,3,50,0,0,0,0,Yes
CV33,4,2,50,0,0,0,0,Yes
EX19,4,2,50,0,0,0,0,Yes
GU18,2,1,50,0,0,0,0,Yes
HP8,2,1,50,0,0,0,0,Yes
HU10,6,3,50,0,0,0,0,Yes
HU18,4,2,50,0,0,0,0,Yes
NE71,2,1,50,0,0,0,0,Yes
RM19,2,1,50,0,0,0,0,Yes
SG15,2,1,50,0,0,0,0,Yes
SS14,10,5,50,0,0,0,0,Yes
TN34,6,3,50,0,0,0,0,Yes
TN35,8,4,50,0,0,0,0,Yes
TN36,2,1,50,0,0,0,0,Yes
TN7,2,1,50,0,0,0,0,Yes
TQ11,2,1,50,0,0,0,0,Yes
TQ6,4,2,50,0,0,0,0,Yes
TW18,8,4,50,0,0,0,0,Yes
B91,17,8,47,0,0,0,0,Yes
HX3,22,10,45,0,0,0,0,Yes
B62,7,3,43,0,0,0,0,Yes
CO13,5,2,40,0,0,0,0,Yes
HX4,5,2,40,0,0,0,0,Yes
KT10,10,4,40,0,0,0,0,Yes
SP9,5,2,40,0,0,0,0,Yes
IP21,8,3,38,0,0,0,0,Yes
MK19,8,3,38,0,0,0,0,Yes
SG11,8,3,38,0,0,0,0,Yes
B75,11,4,36,0,0,0,0,Yes
HX2,20,7,35,0,0,0,0,Yes
B25,3,1,33,0,0,0,0,Yes
B47,3,1,33,0,0,0,0,Yes
B64,6,2,33,0,0,0,0,Yes
BH10,6,2,33,0,0,0,0,Yes
CM0,6,2,33,0,0,0,0,Yes
DH5,12,4,33,0,0,0,0,Yes
DN19,3,1,33,0,0,0,0,Yes
DN39,3,1,33,0,0,0,0,Yes
DT7,3,1,33,0,0,0,0,Yes
EX24,3,1,33,0,0,0,0,Yes
GU25,3,1,33,0,0,0,0,Yes
HU17,18,6,33,0,0,0,0,Yes
HU19,3,1,33,0,0,0,0,Yes
HX5,6,2,33,0,0,0,0,Yes
HX6,15,5,33,0,0,0,0,Yes
M38,6,2,33,0,0,0,0,Yes
NE13,6,2,33,0,0,0,0,Yes
NE21,6,2,33,0,0,0,0,Yes
SY9,3,1,33,0,0,0,0,Yes
YO43,6,2,33,0,0,0,0,Yes
CV7,16,5,31,0,0,0,0,Yes
SR4,16,5,31,0,0,0,0,Yes
AL9,7,2,29,0,0,0,0,Yes
BH11,7,2,29,0,0,0,0,Yes
CO2,17,5,29,0,0,0,0,Yes
HP10,7,2,29,0,0,0,0,Yes
RG19,7,2,29,0,0,0,0,Yes
TQ14,7,2,29,0,0,0,0,Yes
BD13,11,3,27,0,0,0,0,Yes
FY8,15,4,27,0,0,0,0,Yes
HD6,15,4,27,0,0,0,0,Yes
PO1,11,3,27,0,0,0,0,Yes
RG18,11,3,27,0,0,0,0,Yes
NG8,27,7,26,0,0,0,0,Yes
BH18,4,1,25,0,0,0,0,Yes
BN25,8,2,25,0,0,0,0,Yes
GU17,4,1,25,0,0,0,0,Yes
KT18,8,2,25,0,0,0,0,Yes
M4,4,1,25,0,0,0,0,Yes
NE2,8,2,25,0,0,0,0,Yes
NE7,4,1,25,0,0,0,0,Yes
NG1,4,1,25,0,0,0,0,Yes
NR15,12,3,25,0,0,0,0,Yes
SG14,12,3,25,0,0,0,0,Yes
WR13,8,2,25,0,0,0,0,Yes
YO14,4,1,25,0,0,0,0,Yes
DY5,13,3,23,0,0,0,0,Yes
HG2,13,3,23,0,0,0,0,Yes
BA13,9,2,22,0,0,0,0,Yes
GU52,9,2,22,0,0,0,0,Yes
NR18,9,2,22,0,0,0,0,Yes
TQ7,9,2,22,0,0,0,0,Yes
M22,14,3,21,0,0,0,0,Yes
NG7,19,4,21,0,0,0,0,Yes
SG1,19,4,21,0,0,0,0,Yes
B32,15,3,20,0,0,0,0,Yes
CM21,5,1,20,0,0,0,0,Yes
DN37,10,2,20,0,0,0,0,Yes
GU9,15,3,20,0,0,0,0,Yes
HU16,5,1,20,0,0,0,0,Yes
IG7,10,2,20,0,0,0,0,Yes
IP5,5,1,20,0,0,0,0,Yes
NR16,10,2,20,0,0,0,0,Yes
RG14,20,4,20,0,0,0,0,Yes
RG31,15,3,20,0,0,0,0,Yes
WD5,5,1,20,0,0,0,0,Yes
WR1,5,1,20,0,0,0,0,Yes
YO16,10,2,20,0,0,0,0,Yes
BN3,21,4,19,0,0,0,0,Yes
B9,11,2,18,0,0,0,0,Yes
BD18,11,2,18,0,0,0,0,Yes
SR6,11,2,18,0,0,0,0,Yes
B61,12,2,17,0,0,0,0,Yes
EN11,12,2,17,0,0,0,0,Yes
GU4,6,1,17,0,0,0,0,Yes
IP2,12,2,17,0,0,0,0,Yes
IP23,6,1,17,0,0,0,0,Yes
NE26,6,1,17,0,0,0,0,Yes
YO62,12,2,17,0,0,0,0,Yes
NE4,19,3,16,0,0,0,0,Yes
B63,13,2,15,0,0,0,0,Yes
DN35,13,2,15,0,0,0,0,Yes
DY1,13,2,15,0,0,0,0,Yes
NR7,13,2,15,0,0,0,0,Yes
PO6,13,2,15,0,0,0,0,Yes
SG12,20,3,15,0,0,0,0,Yes
B34,7,1,14,0,0,0,0,Yes
HP27,7,1,14,0,0,0,0,Yes
L26,7,1,14,0,0,0,0,Yes
L6,7,1,14,0,0,0,0,Yes
RG23,7,1,14,0,0,0,0,Yes
SM2,7,1,14,0,0,0,0,Yes
SO14,7,1,14,0,0,0,0,Yes
SS13,7,1,14,0,0,0,0,Yes
TS21,7,1,14,0,0,0,0,Yes
B38,8,1,13,0,0,0,0,Yes
CV11,15,2,13,0,0,0,0,Yes
DL9,8,1,13,0,0,0,0,Yes
HP7,8,1,13,0,0,0,0,Yes
IP17,8,1,13,0,0,0,0,Yes
IP25,8,1,13,0,0,0,0,Yes
LS24,8,1,13,0,0,0,0,Yes
M25,15,2,13,0,0,0,0,Yes
NE23,15,2,13,0,0,0,0,Yes
NE37,8,1,13,0,0,0,0,Yes
OL14,8,1,13,0,0,0,0,Yes
SG9,8,1,13,0,0,0,0,Yes
WD17,8,1,13,0,0,0,0,Yes
WR4,8,1,13,0,0,0,0,Yes
BD3,17,2,12,0,0,0,0,Yes
B42,9,1,11,0,0,0,0,Yes
B44,18,2,11,0,0,0,0,Yes
B8,18,2,11,0,0,0,0,Yes
BB18,9,1,11,0,0,0,0,Yes
BB9,27,3,11,0,0,0,0,Yes
DL12,9,1,11,0,0,0,0,Yes
HU15,9,1,11,0,0,0,0,Yes
NE22,9,1,11,0,0,0,0,Yes
NR17,9,1,11,0,0,0,0,Yes
NR35,9,1,11,0,0,0,0,Yes
B17,10,1,10,0,0,0,0,Yes
DH8,20,2,10,0,0,0,0,Yes
HX1,10,1,10,0,0,0,0,Yes
KT11,10,1,10,0,0,0,0,Yes
KT20,10,1,10,0,0,0,0,Yes
YO25,20,2,10,0,0,0,0,Yes
B23,22,2,9,0,0,0,0,Yes
B98,22,2,9,0,0,0,0,Yes
BD10,11,1,9,0,0,0,0,Yes
BS10,11,1,9,0,0,0,0,Yes
CH4,11,1,9,0,0,0,0,Yes
GU5,11,1,9,0,0,0,0,Yes
NE24,11,1,9,0,0,0,0,Yes
SR7,11,1,9,0,0,0,0,Yes
B20,13,1,8,0,0,0,0,Yes
BD2,12,1,8,0,0,0,0,Yes
BS3,12,1,8,0,0,0,0,Yes
CV12,12,1,8,0,0,0,0,Yes
DY3,12,1,8,0,0,0,0,Yes
GU15,12,1,8,0,0,0,0,Yes
HU12,13,1,8,0,0,0,0,Yes
MK14,12,1,8,0,0,0,0,Yes
NG23,13,1,8,0,0,0,0,Yes
SO18,13,1,8,0,0,0,0,Yes
YO11,13,1,8,0,0,0,0,Yes
YO24,12,1,8,0,0,0,0,Yes
HA6,14,1,7,0,0,0,0,Yes
MK6,15,1,7,0,0,0,0,Yes
NR11,14,1,7,0,0,0,0,Yes
SS0,14,1,7,0,0,0,0,Yes
YO21,14,1,7,0,0,0,0,Yes
B15,18,1,6,0,0,0,0,Yes
B21,16,1,6,0,0,0,0,Yes
B33,16,1,6,0,0,0,0,Yes
BS5,17,1,6,0,0,0,0,Yes
IP1,18,1,6,0,0,0,0,Yes
ME15,18,1,6,0,0,0,0,Yes
B11,19,1,5,0,0,0,0,Yes
B13,22,1,5,0,0,0,0,Yes
HG4,19,1,5,0,0,0,0,Yes
LE10,20,1,5,0,0,0,0,Yes
PE30,21,1,5,0,0,0,0,Yes
S65,20,1,5,0,0,0,0,Yes
WV14,22,1,5,0,0,0,0,Yes
SL2,23,1,4,0,0,0,0,Yes
 M3,1,,,,,,0,
 NW3,1,,,,,,0,
 RG8,1,,,,,,0,
 SW17,1,,,,,,0,
AL1,22,4,,23,0,0,23,
AL10,13,2,,88,18,0,106,
AL2,7,3,,28,0,0,28,
AL3,18,9,,260,0,0,260,
AL4,13,3,,156,0,0,156,
AL5,21,7,,222,0,0,222,
AL6,6,2,,45,19,0,64,
AL7,13,2,,35,0,0,35,
AL8,9,3,,92,0,0,92,
B1,3,,,,,,0,
B10,14,,,,,,0,
B12,17,2,,98,0,32,130,
B14,20,5,,103,16,12,131,
B16,7,,,,,,0,
B18,10,,,,,,0,
B19,16,,,,,,0,
B24,10,3,,96,0,23,119,
B26,12,,,,,,0,
B27,9,,,,,,0,
B28,10,3,,29,0,4,33,
B29,20,4,,333,8,42,383,
B30,13,2,,146,0,0,146,
B31,21,3,,88,0,0,88,
B35,7,,,,,,0,
B36,19,3,,28,0,0,28,
B37,14,6,,180,0,0,180,
B4,1,,,,,,0,
B43,10,,,,,,0,
B45,17,5,,171,0,10,181,
B46,7,1,,93,0,0,93,
B48,2,,,,,,0,
B49,10,3,,18,0,0,18,
B5,2,,,,,,0,
B50,1,1,,30,0,0,30,
B6,15,2,,95,18,12,125,
B60,12,3,,26,0,0,26,
B65,8,1,,24,0,0,24,
B66,10,1,,25,0,0,25,
B67,9,2,,42,0,0,42,
B68,15,3,,20,0,0,20,
B69,12,3,,57,0,0,57,
B7,10,2,,12,0,0,12,
B70,13,1,,30,0,0,30,
B71,12,2,,33,0,0,33,
B72,5,2,,28,0,0,28,
B73,8,2,,30,0,34,64,
B74,10,2,,140,0,0,140,
B76,8,2,,19,0,23,42,
B77,24,4,,112,19,31,162,
B78,10,,,,,,0,
B79,16,3,,266,0,54,320,
B80,5,,,,,,0,
B90,19,8,,190,0,0,190,
B92,14,6,,68,0,0,68,
B93,7,3,,374,0,0,374,
B94,4,3,,14,0,0,14,
B95,6,4,,61,0,0,61,
B96,3,,,,,,0,
B97,11,,,,,,0,
BA1,17,2,,29,0,0,29,
BA10,4,1,,6,0,0,6,
BA11,20,2,,24,0,0,24,
BA12,17,6,,68,0,0,68,
BA14,24,11,,104,0,0,104,
BA15,5,2,,12,0,0,12,
BA16,7,3,,43,0,0,43,
BA2,35,2,,24,0,0,24,
BA20,3,3,,72,0,0,72,
BA21,15,1,,42,0,0,42,
BA22,11,2,,48,0,0,48,
BA3,24,6,,150,0,0,150,
BA4,10,3,,42,0,0,42,
BA5,12,7,,117,0,0,117,
BA6,9,3,,64,0,0,64,
BA7,3,,,,,,0,
BA8,4,2,,25,0,0,25,
BA9,3,,,,,,0,
BB1,35,6,,117,0,30,147,
BB10,20,10,,327,71,192,590,
BB11,15,8,,358,25,87,470,
BB12,26,15,,787,99,216,1102,
BB2,38,8,,422,33,32,487,
BB3,20,4,,135,0,0,135,
BB4,27,10,,60,0,0,60,
BB5,37,17,,219,30,90,339,
BB6,7,3,,79,7,0,86,
BB7,25,10,,43,0,179,222,
BB8,15,2,,32,0,0,32,
BD1,1,,,,,,0,
BD11,2,1,,22,0,0,22,
BD12,6,2,,46,0,0,46,
BD14,4,1,,46,0,6,52,
BD15,6,3,,44,0,0,44,
BD16,13,4,,92,10,5,107,
BD17,5,2,,134,0,0,134,
BD19,9,5,,66,0,28,94,
BD20,16,2,,27,0,0,27,
BD21,10,3,,129,0,63,192,
BD22,14,3,,80,0,0,80,
BD23,27,7,,94,0,0,94,
BD24,4,1,,15,0,0,15,
BD4,17,2,,111,0,40,151,
BD5,24,,,,,,0,
BD6,10,1,,25,0,0,25,
BD7,10,,,,,,0,
BD8,20,1,,127,0,24,151,
BD9,17,4,,114,0,0,114,
BH1,3,,,,,,0,
BH12,11,5,,12,0,0,12,
BH13,1,,,,,,0,
BH14,5,2,,48,0,0,48,
BH15,10,5,,10,0,0,10,
BH16,6,3,,26,0,0,26,
BH17,10,3,,23,0,0,23,
BH19,6,1,,7,9,0,16,
BH2,3,,,,,,0,
BH20,11,3,,99,0,0,99,
BH21,26,4,,5,9,0,14,
BH22,7,2,,25,0,0,25,
BH23,19,9,,108,103,0,211,
BH24,10,1,,18,0,0,18,
BH25,8,2,,50,9,0,59,
BH3,1,1,,30,0,0,30,
BH31,4,,,,,,0,
BH4,1,,,,,,0,
BH6,4,1,,12,0,0,12,
BH7,4,,,,,,0,
BH8,9,,,,,,0,
BH9,7,3,,38,0,0,38,
BL0,10,3,,35,0,0,35,
BL1,32,14,,282,14,104,400,
BL2,20,4,,23,0,0,23,
BL3,38,10,,142,2,60,204,
BL4,21,7,,110,4,66,180,
BL5,11,4,,0,0,8,8,
BL6,14,4,,89,0,0,89,
BL7,9,2,,52,12,39,103,
BL8,20,9,,151,0,0,151,
BL9,28,11,,71,0,0,71,
BN1,29,8,,100,0,28,128,
BN10,4,2,,86,0,0,86,
BN11,10,1,,60,0,0,60,
BN12,8,3,,115,0,0,115,
BN13,8,1,,3,0,0,3,
BN14,12,3,,138,0,0,138,
BN15,9,1,,60,0,0,60,
BN16,8,1,,60,0,0,60,
BN17,7,2,,122,0,0,122,
BN18,9,3,,68,0,0,68,
BN2,27,8,,0,0,30,30,
BN20,10,1,,0,0,144,144,
BN21,4,1,,46,0,0,46,
BN22,13,1,,29,0,16,45,
BN23,9,4,,26,0,0,26,
BN24,3,2,,12,0,0,12,
BN26,2,,,,,,0,
BN27,11,4,,48,0,0,48,
BN41,9,5,,65,0,48,113,
BN42,2,,,,,,0,
BN43,9,,,,,,0,
BN44,4,,,,,,0,
BN5,1,1,,31,0,0,31,
BN6,8,2,,53,0,0,53,
BN7,11,8,,50,0,0,50,
BN8,12,8,,151,0,0,151,
BN9,6,2,,48,0,12,60,
BR1,23,,,,,,0,
BR2,18,,,,,,0,
BR3,19,,,,,,0,
BR4,8,,,,,,0,
BR5,16,,,,,,0,
BR6,19,,,,,,0,
BR7,11,,,,,,0,
BR8,11,2,,36,0,0,36,
BS1,5,1,,12,0,0,12,
BS11,11,4,,78,0,0,78,
BS13,13,3,,86,0,0,86,
BS14,11,,,,,,0,
BS15,16,4,,0,54,0,54,
BS16,34,10,,86,0,25,111,
BS2,9,1,,12,0,0,12,
BS20,10,5,,214,12,0,226,
BS21,7,2,,124,0,0,124,
BS22,13,6,,181,36,0,217,
BS23,11,4,,76,0,0,76,
BS24,11,4,,125,0,0,125,
BS25,5,1,,0,42,0,42,
BS26,2,,,,,,0,
BS27,4,,,,,,0,
BS28,2,1,,3,0,0,3,
BS29,1,,,,,,0,
BS30,13,7,,54,73,25,152,
BS31,11,1,,24,0,0,24,
BS32,12,7,,114,0,25,139,
BS34,12,3,,48,0,0,48,
BS35,16,7,,110,0,25,135,
BS36,6,5,,31,0,0,31,
BS37,20,4,,33,41,0,74,
BS39,9,1,,49,0,0,49,
BS4,19,3,,38,0,0,38,
BS40,10,2,,65,0,0,65,
BS41,3,,,,,,0,
BS48,14,4,,88,24,10,122,
BS49,4,,,,,,0,
BS6,13,4,,125,0,0,125,
BS7,15,4,,42,0,0,42,
BS8,8,,,,,,0,
BS9,11,6,,77,0,0,77,
CA1,10,4,,47,0,0,47,
CA10,15,7,,80,0,0,80,
CA11,14,8,,60,0,0,60,
CA12,6,4,,108,0,0,108,
CA13,9,6,,104,0,0,104,
CA14,21,7,,95,0,0,95,
CA15,13,5,,97,0,0,97,
CA16,6,5,,41,0,0,41,
CA17,3,3,,6,17,0,23,
CA19,1,1,,9,0,0,9,
CA2,15,5,,77,0,0,77,
CA20,2,1,,23,0,0,23,
CA21,1,1,,6,0,0,6,
CA22,5,3,,34,0,0,34,
CA23,1,,,,,,0,
CA24,1,,,,,,0,
CA25,3,1,,19,0,0,19,
CA26,5,1,,9,0,0,9,
CA28,17,5,,42,0,0,42,
CA3,6,2,,19,0,0,19,
CA4,9,4,,60,0,0,60,
CA5,9,5,,53,0,0,53,
CA6,8,4,,60,0,0,60,
CA7,21,7,,79,0,0,79,
CA8,10,4,,63,0,0,63,
CA9,3,,,,,,0,
CB1,21,11,,204,23,0,227,
CB10,6,6,,32,0,0,32,
CB11,11,9,,58,56,29,143,
CB2,16,7,,224,7,0,231,
CB21,15,5,,96,0,0,96,
CB22,12,9,,287,0,0,287,
CB23,16,15,,627,22,0,649,
CB24,18,8,,302,0,0,302,
CB25,6,4,,75,0,0,75,
CB3,6,5,,23,0,0,23,
CB4,17,7,,64,0,0,64,
CB5,4,2,,18,0,0,18,
CB6,19,8,,188,0,0,188,
CB8,15,6,,117,0,0,117,
CB9,15,2,,12,0,0,12,
CH1,13,3,,38,0,0,38,
CH2,17,7,,162,84,0,246,
CH3,20,4,,132,0,0,132,
CH41,13,2,,10,0,0,10,
CH42,8,1,,12,0,0,12,
CH43,17,2,,75,0,0,75,
CH44,9,2,,34,0,0,34,
CH45,10,,,,,,0,
CH46,11,1,,5,0,0,5,
CH47,2,,,,,,0,
CH48,9,,,,,,0,
CH49,17,1,,0,44,0,44,
CH60,4,,,,,,0,
CH61,7,2,,26,0,0,26,
CH62,9,5,,183,0,0,183,
CH63,15,1,,66,0,0,66,
CH64,7,1,,15,0,0,15,
CH65,14,,,,,,0,
CH66,13,4,,28,0,0,28,
CM1,28,9,,65,36,0,101,
CM11,7,2,,72,0,0,72,
CM12,9,5,,84,0,0,84,
CM13,11,6,,53,22,0,75,
CM14,5,1,,31,0,0,31,
CM15,17,5,,33,0,0,33,
CM16,9,6,,105,18,0,123,
CM17,10,4,,55,0,0,55,
CM18,15,4,,17,0,0,17,
CM19,7,5,,13,0,0,13,
CM2,27,10,,190,20,0,210,
CM20,10,6,,21,0,0,21,
CM22,9,4,,31,0,0,31,
CM23,22,7,,37,0,0,37,
CM3,28,13,,260,0,0,260,
CM4,6,1,,16,0,0,16,
CM6,11,6,,139,0,30,169,
CM7,18,7,,99,0,0,99,
CM77,5,2,,88,0,0,88,
CM8,14,6,,59,0,0,59,
CM9,12,4,,76,0,0,76,
CO1,4,4,,60,0,0,60,
CO10,24,6,,28,0,0,28,
CO11,7,3,,70,0,0,70,
CO12,9,4,,11,0,0,11,
CO14,2,2,,32,0,0,32,
CO15,12,3,,96,0,0,96,
CO16,9,4,,9,0,0,9,
CO3,22,7,,107,0,0,107,
CO4,21,6,,29,0,0,29,
CO5,12,3,,71,0,0,71,
CO6,17,7,,62,0,0,62,
CO7,15,3,,58,0,0,58,
CO9,17,5,,21,0,0,21,
CR0,58,,,,,,0,
CR2,20,,,,,,0,
CR3,18,3,,13,0,0,13,
CR4,24,,,,,,0,
CR5,9,,,,,,0,
CR6,4,,,,,,0,
CR7,18,,,,,,0,
CR8,15,,,,,,0,
CR9,6,,,,,,0,
CT1,13,2,,50,0,0,50,
CT10,15,2,,40,0,0,40,
CT11,11,2,,45,0,0,45,
CT12,10,,,,,,0,
CT13,6,1,,36,0,0,36,
CT14,15,2,,72,0,0,72,
CT15,11,3,,72,0,0,72,
CT16,12,3,,216,0,0,216,
CT17,10,,,,,,0,
CT18,4,1,,31,0,0,31,
CT19,16,1,,0,20,0,20,
CT2,13,1,,24,0,0,24,
CT20,7,1,,27,0,0,27,
CT21,7,,,,,,0,
CT3,13,8,,205,0,0,205,
CT4,10,3,,97,0,0,97,
CT5,8,2,,104,0,0,104,
CT6,9,3,,127,0,0,127,
CT7,4,,,,,,0,
CT8,4,1,,34,0,0,34,
CT9,14,,,,,,0,
CV1,15,1,,25,0,0,25,
CV10,23,4,,113,0,0,113,
CV13,10,,,,,,0,
CV2,26,,,,,,0,
CV21,13,4,,138,0,0,138,
CV22,24,3,,74,0,0,74,
CV23,12,5,,94,0,0,94,
CV3,26,3,,125,0,0,125,
CV31,14,5,,102,0,0,102,
CV32,13,2,,91,0,27,118,
CV34,15,4,,39,36,0,75,
CV35,14,3,,50,0,0,50,
CV36,5,2,,66,0,0,66,
CV37,21,2,,18,0,0,18,
CV4,12,,,,,,0,
CV47,12,5,,126,0,0,126,
CV5,13,5,,115,0,0,115,
CV6,32,1,,49,0,0,49,
CV8,13,3,,60,0,0,60,
CV9,15,4,,45,0,0,45,
CW1,16,5,,325,55,15,395,
CW10,6,3,,188,0,0,188,
CW11,11,3,,151,0,0,151,
CW12,15,4,,119,53,5,177,
CW2,16,7,,222,39,54,315,
CW3,6,1,,26,0,0,26,
CW4,5,1,,59,0,0,59,
CW5,16,6,,274,0,0,274,
CW6,9,3,,35,0,1,36,
CW7,14,3,,0,6,0,6,
CW8,23,5,,89,0,0,89,
CW9,16,3,,28,26,0,54,
DA1,21,2,,60,0,0,60,
DA10,4,,,,,,0,
DA11,17,2,,0,0,18,18,
DA12,20,2,,36,0,0,36,
DA13,7,2,,24,0,90,114,
DA14,9,,,,,,0,
DA15,13,,,,,,0,
DA16,14,,,,,,0,
DA17,8,,,,,,0,
DA18,4,,,,,,0,
DA2,12,1,,51,0,0,51,
DA3,9,1,,0,0,18,18,
DA4,3,,,,,,0,
DA5,5,,,,,,0,
DA6,6,,,,,,0,
DA7,9,,,,,,0,
DA8,11,,,,,,0,
DA9,2,,,,,,0,
DE1,7,,,,,,0,
DE11,22,7,,48,0,54,102,
DE12,14,3,,0,0,57,57,
DE13,22,13,,671,41,77,789,
DE14,11,3,,328,0,35,363,
DE15,13,2,,153,0,16,169,
DE21,23,6,,186,0,162,348,
DE22,21,6,,283,0,251,534,
DE23,28,6,,136,0,235,371,
DE24,25,5,,244,0,5,249,
DE3,10,2,,108,0,0,108,
DE4,28,7,,40,0,27,67,
DE45,9,3,,54,0,29,83,
DE5,11,7,,155,0,52,207,
DE55,34,15,,285,0,274,559,
DE56,19,11,,178,0,54,232,
DE6,23,5,,16,0,19,35,
DE65,14,7,,47,0,151,198,
DE7,26,16,,478,33,165,676,
DE72,10,3,,260,0,0,260,
DE73,10,1,,135,0,0,135,
DE74,6,1,,46,0,0,46,
DE75,10,4,,76,0,0,76,
DH1,26,7,,211,0,0,211,
DH2,9,4,,110,0,0,110,
DH3,13,3,,180,0,0,180,
DH4,11,4,,22,0,5,27,
DH6,14,3,,117,0,0,117,
DH7,24,4,,93,0,0,93,
DH9,21,5,,103,0,0,103,
DL1,17,1,,0,0,29,29,
DL10,11,3,,60,0,0,60,
DL11,4,,,,,,0,
DL13,14,2,,115,0,0,115,
DL14,25,2,,68,0,0,68,
DL15,13,4,,34,0,0,34,
DL16,14,2,,15,0,0,15,
DL17,10,2,,19,0,0,19,
DL2,14,3,,43,0,99,142,
DL3,19,3,,0,8,159,167,
DL4,3,1,,26,0,0,26,
DL5,16,,,,,,0,
DL6,8,1,,18,0,0,18,
DL7,13,1,,38,12,0,50,
DL8,17,2,,19,0,0,19,
DN1,4,,,,,,0,
DN10,8,3,,99,0,12,111,
DN11,13,2,,58,0,12,70,
DN12,14,,,,,,0,
DN14,27,5,,40,0,0,40,
DN15,16,4,,156,0,36,192,
DN16,17,3,,154,0,1,155,
DN17,20,4,,68,0,2,70,
DN18,6,3,,51,0,1,52,
DN2,9,,,,,,0,
DN20,10,5,,96,0,2,98,
DN21,26,3,,15,0,56,71,
DN22,21,6,,105,0,24,129,
DN3,14,,,,,,0,
DN31,3,,,,,,0,
DN32,11,4,,54,0,0,54,
DN33,8,2,,73,0,0,73,
DN34,8,2,,10,0,0,10,
DN36,13,2,,103,0,0,103,
DN38,2,,,,,,0,
DN4,21,,,,,,0,
DN40,7,3,,30,0,0,30,
DN41,4,2,,44,0,0,44,
DN5,21,,,,,,0,
DN6,14,,,,,,0,
DN7,10,,,,,,0,
DN8,6,,,,,,0,
DN9,13,4,,112,0,2,114,
DT1,8,1,,6,0,0,6,
DT10,7,,,,,,0,
DT11,21,2,,25,0,0,25,
DT2,15,1,,7,4,0,11,
DT3,9,3,,73,0,0,73,
DT4,12,1,,7,0,0,7,
DT5,2,,,,,,0,
DT6,11,,,,,,0,
DT8,5,1,,17,0,0,17,
DT9,16,1,,12,0,0,12,
DY10,14,6,,53,0,0,53,
DY11,14,3,,62,0,0,62,
DY12,6,2,,52,0,0,52,
DY13,9,5,,119,0,0,119,
DY14,6,4,,13,0,0,13,
DY2,12,,,,,,0,
DY4,19,5,,37,0,0,37,
DY6,13,4,,21,0,0,21,
DY7,4,,,,,,0,
DY8,19,3,,1,0,36,37,
DY9,11,3,,124,0,0,124,
E1,41,,,,,,0,
E10,13,,,,,,0,
E11,12,,,,,,0,
E12,12,,,,,,0,
E13,16,,,,,,0,
E14,30,,,,,,0,
E15,20,,,,,,0,
E16,19,,,,,,0,
E17,39,,,,,,0,
E18,7,,,,,,0,
E1W,4,,,,,,0,
E2,26,,,,,,0,
E20,2,,,,,,0,
E3,21,,,,,,0,
E4,21,,,,,,0,
E5,22,,,,,,0,
E6,23,,,,,,0,
E7,21,,,,,,0,
E8,12,,,,,,0,
E9,15,,,,,,0,
EC1M,2,,,,,,0,
EC1N,1,,,,,,0,
EC1R,3,,,,,,0,
EC1V,4,,,,,,0,
EC1Y,1,,,,,,0,
EC2A,2,,,,,,0,
EC2Y,1,,,,,,0,
EC3A,1,,,,,,0,
EC3N,1,,,,,,0,
EC4M,1,,,,,,0,
EC4V,1,,,,,,0,
EN1,17,,,,,,0,
EN10,4,3,,28,0,0,28,
EN2,9,,,,,,0,
EN3,25,,,,,,0,
EN4,14,,,,,,0,
EN5,12,,,,,,0,
EN6,18,3,,58,0,0,58,
EN7,9,1,,24,0,0,24,
EN8,16,,,,,,0,
EN9,6,3,,132,24,0,156,
EX1,13,6,,124,0,0,124,
EX11,3,3,,85,0,0,85,
EX12,3,3,,41,0,0,41,
EX13,10,6,,22,0,0,22,
EX14,10,9,,105,0,7,112,
EX15,12,7,,132,0,0,132,
EX16,20,15,,85,24,0,109,
EX17,12,7,,101,0,0,101,
EX18,2,,,,,,0,
EX2,21,9,,102,39,1,142,
EX20,13,7,,197,0,1,198,
EX21,6,6,,23,0,0,23,
EX22,8,6,,39,0,10,49,
EX23,9,5,,102,0,0,102,
EX31,15,6,,43,110,0,153,
EX32,16,3,,40,0,0,40,
EX33,5,4,,14,0,0,14,
EX34,7,2,,24,0,0,24,
EX36,6,3,,85,0,0,85,
EX37,4,4,,17,0,0,17,
EX38,4,2,,30,6,0,36,
EX39,16,10,,159,0,2,161,
EX4,18,5,,131,26,100,257,
EX5,15,11,,133,0,3,136,
EX6,11,7,,63,0,0,63,
EX8,12,7,,84,0,0,84,
EX9,4,2,,42,0,0,42,
FY1,6,5,,59,0,0,59,
FY2,8,6,,21,0,32,53,
FY3,13,6,,106,0,70,176,
FY4,16,9,,126,0,78,204,
FY5,13,5,,88,0,0,88,
FY6,16,2,,82,0,0,82,
FY7,10,,,,,,0,
GL1,17,5,,67,0,0,67,
GL10,11,7,,42,0,0,42,
GL11,10,6,,66,0,0,66,
GL12,9,6,,61,0,0,61,
GL13,5,2,,12,0,0,12,
GL14,8,3,,39,0,0,39,
GL15,13,6,,69,0,0,69,
GL16,9,3,,25,0,0,25,
GL17,7,5,,34,0,0,34,
GL18,5,3,,26,0,0,26,
GL19,10,6,,39,0,0,39,
GL2,26,14,,286,31,0,317,
GL20,19,8,,55,0,0,55,
GL3,16,6,,24,18,0,42,
GL4,21,9,,176,0,0,176,
GL5,19,9,,60,0,0,60,
GL50,7,,,,,,0,
GL51,22,3,,111,0,0,111,
GL52,17,8,,123,6,0,129,
GL53,9,5,,146,28,0,174,
GL54,16,11,,109,0,0,109,
GL55,4,2,,15,0,0,15,
GL56,4,2,,41,0,0,41,
GL6,18,7,,99,0,0,99,
GL7,27,19,,168,0,0,168,
GL8,5,2,,27,0,0,27,
GL9,2,2,,9,0,0,9,
GU1,16,3,,71,0,0,71,
GU10,12,1,,32,0,0,32,
GU11,10,4,,81,0,0,81,
GU12,7,5,,133,0,0,133,
GU14,28,4,,57,0,0,57,
GU16,10,3,,42,0,0,42,
GU19,3,,,,,,0,
GU2,12,2,,70,0,0,70,
GU20,2,,,,,,0,
GU21,19,6,,60,0,0,60,
GU22,13,3,,60,0,0,60,
GU23,2,,,,,,0,
GU24,10,5,,79,0,0,79,
GU26,6,1,,20,0,0,20,
GU27,9,3,,52,0,0,52,
GU28,5,1,,9,0,0,9,
GU29,5,1,,40,0,0,40,
GU3,4,,,,,,0,
GU30,5,1,,90,0,0,90,
GU31,6,2,,17,0,0,17,
GU32,9,2,,29,0,0,29,
GU33,5,2,,92,0,0,92,
GU34,19,8,,113,0,0,113,
GU35,8,1,,29,0,0,29,
GU46,8,4,,155,0,0,155,
GU47,7,1,,6,0,0,6,
GU51,4,,,,,,0,
GU6,9,1,,49,0,0,49,
GU7,15,3,,123,0,0,123,
GU8,11,2,,12,0,0,12,
HA0,10,,,,,,0,
HA1,14,,,,,,0,
HA2,16,,,,,,0,
HA3,26,,,,,,0,
HA4,18,,,,,,0,
HA5,16,,,,,,0,
HA7,8,,,,,,0,
HA8,24,,,,,,0,
HA9,17,,,,,,0,
HD1,7,3,,112,0,71,183,
HD2,9,3,,88,8,87,183,
HD3,8,3,,183,0,0,183,
HD4,14,11,,274,45,32,351,
HD5,12,10,,296,10,0,306,
HD7,13,7,,146,0,36,182,
HD8,19,17,,381,24,158,563,
HD9,17,7,,232,67,54,353,
HG1,13,2,,56,0,0,56,
HG3,25,2,,15,0,0,15,
HG5,9,2,,52,0,0,52,
HP1,18,3,,26,0,0,26,
HP11,11,3,,47,24,0,71,
HP12,9,2,,46,0,0,46,
HP13,13,2,,12,0,0,12,
HP14,10,4,,30,0,0,30,
HP15,11,6,,128,0,52,180,
HP16,7,3,,74,0,0,74,
HP17,6,2,,0,0,30,30,
HP18,12,5,,30,0,0,30,
HP19,8,,,,,,0,
HP2,18,2,,52,0,0,52,
HP20,5,,,,,,0,
HP21,17,4,,84,0,0,84,
HP22,13,6,,120,0,0,120,
HP23,10,3,,59,0,0,59,
HP3,14,,,,,,0,
HP4,15,4,,75,10,0,85,
HP5,13,3,,24,0,0,24,
HP6,12,4,,52,0,0,52,
HP9,10,5,,72,0,0,72,
HR1,23,,,,,,0,
HR2,20,,,,,,0,
HR3,3,,,,,,0,
HR4,14,,,,,,0,
HR5,2,,,,,,0,
HR6,14,,,,,,0,
HR7,5,,,,,,0,
HR8,9,,,,,,0,
HR9,13,,,,,,0,
HU1,2,,,,,,0,
HU11,6,,,,,,0,
HU13,4,,,,,,0,
HU2,4,1,,26,0,0,26,
HU20,1,,,,,,0,
HU3,12,5,,98,0,44,142,
HU4,10,7,,300,20,130,450,
HU5,13,4,,282,0,12,294,
HU6,16,4,,39,20,0,59,
HU7,19,7,,371,0,10,381,
HU8,12,4,,349,0,75,424,
HU9,18,4,,108,0,112,220,
IG1,17,,,,,,0,
IG10,14,7,,180,24,35,239,
IG11,20,,,,,,0,
IG2,7,,,,,,0,
IG3,11,,,,,,0,
IG4,4,,,,,,0,
IG5,5,,,,,,0,
IG6,12,,,,,,0,
IG8,17,,,,,,0,
IG9,5,3,,95,6,0,101,
IP10,3,,,,,,0,
IP11,11,1,,24,0,0,24,
IP12,14,8,,30,0,0,30,
IP13,13,5,,12,0,0,12,
IP14,22,3,,21,0,0,21,
IP15,1,,,,,,0,
IP16,3,,,,,,0,
IP18,3,,,,,,0,
IP19,5,1,,12,0,0,12,
IP20,4,2,,30,0,0,30,
IP22,14,3,,29,0,12,41,
IP24,15,,,,,,0,
IP26,6,,,,,,0,
IP27,5,2,,84,0,0,84,
IP28,11,4,,144,0,0,144,
IP29,4,3,,59,0,0,59,
IP3,11,,,,,,0,
IP30,6,1,,19,0,0,19,
IP31,11,5,,43,0,0,43,
IP32,10,2,,53,0,0,53,
IP33,12,6,,21,0,0,21,
IP4,14,4,,73,15,0,88,
IP6,7,,,,,,0,
IP7,12,6,,61,0,0,61,
IP8,8,1,,12,0,0,12,
IP9,10,3,,49,0,0,49,
KT1,6,,,,,,0,
KT12,11,5,,102,0,0,102,
KT13,7,4,,113,0,0,113,
KT14,5,3,,44,0,0,44,
KT15,12,3,,41,0,0,41,
KT16,11,3,,38,0,0,38,
KT17,10,4,,154,0,0,154,
KT19,11,5,,156,0,0,156,
KT2,19,,,,,,0,
KT21,6,2,,110,0,0,110,
KT22,14,3,,80,0,0,80,
KT23,5,3,,107,0,0,107,
KT24,5,2,,91,0,0,91,
KT3,14,,,,,,0,
KT4,8,1,,21,0,0,21,
KT5,4,,,,,,0,
KT6,14,,,,,,0,
KT7,6,3,,106,0,0,106,
KT8,7,2,,78,0,0,78,
KT9,7,,,,,,0,
L1,5,,,,,,0,
L10,5,,,,,,0,
L11,11,2,,30,0,0,30,
L12,14,5,,125,43,0,168,
L13,13,3,,39,0,0,39,
L14,9,1,,7,0,0,7,
L15,14,2,,32,0,0,32,
L16,4,1,,55,0,0,55,
L17,9,,,,,,0,
L18,9,,,,,,0,
L19,9,,,,,,0,
L20,12,1,,45,0,0,45,
L21,11,2,,28,0,0,28,
L22,3,,,,,,0,
L23,20,1,,22,22,0,44,
L24,5,,,,,,0,
L25,14,3,,119,0,0,119,
L27,3,,,,,,0,
L28,4,,,,,,0,
L3,3,,,,,,0,
L30,9,2,,44,0,0,44,
L31,15,2,,57,0,0,57,
L32,9,,,,,,0,
L33,6,,,,,,0,
L34,7,3,,52,0,0,52,
L35,13,2,,28,0,0,28,
L36,17,2,,63,0,0,63,
L37,9,3,,169,0,0,169,
L39,16,5,,173,0,0,173,
L4,13,1,,5,0,0,5,
L40,18,5,,117,0,0,117,
L5,9,1,,12,0,0,12,
L69,1,,,,,,0,
L7,10,,,,,,0,
L8,15,2,,30,0,0,30,
L9,12,,,,,,0,
LA1,23,6,,222,30,60,312,
LA10,4,1,,22,0,0,22,
LA11,10,4,,62,0,0,62,
LA12,12,5,,97,0,0,97,
LA13,12,3,,18,0,0,18,
LA14,21,9,,203,0,0,203,
LA15,5,1,,9,0,0,9,
LA16,2,,,,,,0,
LA17,1,1,,12,0,0,12,
LA18,7,2,,18,0,0,18,
LA19,2,,,,,,0,
LA2,20,6,,62,8,0,70,
LA20,1,1,,25,0,0,25,
LA21,2,,,,,,0,
LA22,4,2,,9,0,0,9,
LA23,5,2,,77,0,0,77,
LA3,10,3,,60,0,0,60,
LA4,8,3,,292,0,0,292,
LA5,11,6,,170,0,0,170,
LA6,13,4,,31,0,0,31,
LA7,5,1,,50,0,0,50,
LA8,8,5,,36,0,0,36,
LA9,16,5,,76,0,0,76,
LE1,3,,,,,,0,
LE11,27,3,,48,0,0,48,
LE12,31,4,,133,0,0,133,
LE13,10,1,,22,0,0,22,
LE14,14,,,,,,0,
LE15,25,11,,149,17,0,166,
LE16,18,8,,154,35,0,189,
LE17,13,2,,36,0,0,36,
LE18,15,1,,22,0,0,22,
LE19,6,2,,65,0,0,65,
LE2,39,4,,158,0,0,158,
LE3,33,4,,286,0,0,286,
LE4,36,9,,155,0,0,155,
LE5,42,2,,79,0,0,79,
LE6,6,1,,25,0,0,25,
LE65,9,1,,11,0,0,11,
LE67,30,2,,7,0,0,7,
LE7,22,3,,61,0,0,61,
LE8,14,,,,,,0,
LE9,26,1,,21,0,0,21,
LN1,13,4,,101,0,0,101,
LN10,4,1,,20,0,0,20,
LN11,18,,,,,,0,
LN12,4,,,,,,0,
LN13,6,,,,,,0,
LN2,19,4,,154,0,38,192,
LN3,5,2,,35,0,0,35,
LN4,20,6,,127,0,0,127,
LN5,17,6,,97,0,24,121,
LN6,33,9,,211,0,0,211,
LN7,5,1,,35,0,0,35,
LN8,10,3,,40,0,0,40,
LN9,6,1,,9,0,0,9,
LS10,18,8,,377,0,103,480,
LS11,16,3,,26,0,75,101,
LS12,15,3,,54,0,97,151,
LS13,12,2,,53,0,0,53,
LS14,14,3,,103,0,56,159,
LS15,13,3,,90,0,72,162,
LS16,16,7,,275,0,74,349,
LS17,22,8,,405,110,21,536,
LS18,9,2,,92,0,1,93,
LS19,8,2,,87,0,0,87,
LS2,1,1,,60,0,9,69,
LS20,5,1,,45,0,0,45,
LS21,8,4,,114,0,5,119,
LS22,7,2,,56,0,0,56,
LS23,8,2,,52,0,0,52,
LS25,17,8,,151,0,30,181,
LS26,11,4,,122,0,49,171,
LS27,12,4,,168,0,53,221,
LS28,18,5,,177,0,138,315,
LS29,13,3,,30,0,0,30,
LS3,1,,,,,,0,
LS4,4,2,,57,0,13,70,
LS5,2,,,,,,0,
LS6,9,2,,61,0,1,62,
LS7,10,2,,73,0,72,145,
LS8,12,3,,36,0,160,196,
LS9,17,3,,0,0,210,210,
LU1,24,2,,84,0,0,84,
LU2,19,4,,75,0,0,75,
LU3,23,3,,108,0,116,224,
LU4,21,3,,77,0,0,77,
LU5,22,6,,84,0,0,84,
LU6,15,6,,92,0,0,92,
LU7,26,16,,586,35,90,711,
M11,13,7,,44,0,0,44,
M12,12,3,,52,0,0,52,
M13,10,2,,58,0,0,58,
M14,12,8,,75,0,0,75,
M15,8,1,,285,0,0,285,
M16,16,5,,166,0,55,221,
M18,10,,,,,,0,
M19,11,2,,27,0,0,27,
M2,1,,,,,,0,
M20,18,5,,89,0,0,89,
M21,14,3,,63,0,0,63,
M23,13,4,,81,0,30,111,
M24,21,3,,48,30,0,78,
M26,13,4,,108,0,0,108,
M27,18,4,,34,0,0,34,
M28,17,6,,54,0,118,172,
M29,9,3,,60,0,0,60,
M3,3,,,,,,0,
M30,21,4,,112,0,0,112,
M31,5,,,,,,0,
M32,13,1,,56,0,0,56,
M33,24,1,,22,0,0,22,
M34,19,6,,229,0,0,229,
M35,11,3,,150,0,64,214,
M40,21,2,,61,0,0,61,
M41,20,,,,,,0,
M43,9,,,,,,0,
M44,9,2,,64,0,0,64,
M45,10,2,,73,0,45,118,
M46,11,1,,28,0,0,28,
M5,6,,,,,,0,
M50,2,,,,,,0,
M6,13,,,,,,0,
M7,34,,,,,,0,
M8,15,3,,62,0,186,248,
M9,19,6,,65,0,37,102,
ME1,18,1,,31,0,0,31,
ME10,21,6,,44,0,186,230,
ME11,1,,,,,,0,
ME12,11,,,,,,0,
ME13,15,8,,229,0,0,229,
ME14,12,5,,149,0,88,237,
ME16,17,1,,15,0,0,15,
ME17,15,4,,84,0,0,84,
ME18,4,1,,24,0,0,24,
ME19,13,,,,,,0,
ME2,19,4,,49,0,0,49,
ME20,9,2,,58,0,0,58,
ME3,12,6,,36,0,60,96,
ME4,16,1,,16,0,0,16,
ME5,18,6,,64,0,0,64,
ME6,4,2,,50,0,0,50,
ME7,17,4,,20,0,0,20,
ME8,18,5,,82,0,0,82,
ME9,16,8,,166,0,0,166,
MK10,7,3,,156,0,3,159,
MK11,3,,,,,,0,
MK12,7,,,,,,0,
MK13,7,,,,,,0,
MK15,1,,,,,,0,
MK16,8,1,,60,0,4,64,
MK17,16,4,,92,25,10,127,
MK18,21,6,,41,0,0,41,
MK2,7,1,,24,0,0,24,
MK3,14,2,,37,0,0,37,
MK4,6,,,,,,0,
MK40,13,5,,115,0,0,115,
MK41,18,7,,65,0,0,65,
MK42,25,10,,91,0,0,91,
MK43,20,6,,61,0,5,66,
MK44,14,9,,162,0,15,177,
MK45,23,12,,169,0,35,204,
MK46,3,,,,,,0,
MK5,8,1,,30,0,2,32,
MK7,6,,,,,,0,
MK8,8,3,,39,0,0,39,
MK9,1,,,,,,0,
N1,38,,,,,,0,
N10,13,,,,,,0,
N11,14,,,,,,0,
N12,13,,,,,,0,
N13,7,,,,,,0,
N14,17,,,,,,0,
N15,18,,,,,,0,
N16,42,,,,,,0,
N17,27,,,,,,0,
N18,7,,,,,,0,
N19,10,,,,,,0,
N1C,3,,,,,,0,
N2,8,,,,,,0,
N20,10,,,,,,0,
N21,9,,,,,,0,
N22,17,,,,,,0,
N3,11,,,,,,0,
N4,13,,,,,,0,
N5,9,,,,,,0,
N6,8,,,,,,0,
N7,14,,,,,,0,
N8,16,,,,,,0,
N9,18,,,,,,0,
NE1,1,,,,,,0,
NE10,18,8,,126,0,0,126,
NE11,6,,,,,,0,
NE12,16,4,,124,0,0,124,
NE15,18,5,,0,0,20,20,
NE16,11,5,,162,0,0,162,
NE17,1,,,,,,0,
NE19,1,,,,,,0,
NE20,6,,,,,,0,
NE25,17,5,,134,0,0,134,
NE27,5,1,,19,0,0,19,
NE28,17,7,,167,0,0,167,
NE29,13,7,,129,0,0,129,
NE3,23,12,,73,0,30,103,
NE30,9,3,,78,0,0,78,
NE31,10,2,,101,0,0,101,
NE32,14,6,,189,0,0,189,
NE33,8,3,,131,0,0,131,
NE34,19,6,,284,0,0,284,
NE35,3,1,,29,0,0,29,
NE36,4,1,,55,0,0,55,
NE38,16,6,,23,0,5,28,
NE39,4,1,,34,0,0,34,
NE40,7,3,,60,0,0,60,
NE41,1,,,,,,0,
NE42,8,1,,56,0,0,56,
NE43,3,,,,,,0,
NE44,1,,,,,,0,
NE45,2,,,,,,0,
NE46,10,1,,31,7,0,38,
NE47,8,,,,,,0,
NE48,6,,,,,,0,
NE49,1,1,,17,0,0,17,
NE5,17,3,,6,0,0,6,
NE6,17,5,,0,0,40,40,
NE61,20,2,,0,0,101,101,
NE62,5,3,,82,0,0,82,
NE63,10,1,,23,0,0,23,
NE65,12,,,,,,0,
NE66,11,,,,,,0,
NE67,1,,,,,,0,
NE68,1,,,,,,0,
NE70,1,,,,,,0,
NE8,18,2,,82,0,0,82,
NE9,17,6,,246,0,0,246,
NG10,19,6,,219,33,0,252,
NG11,14,4,,60,0,12,72,
NG12,17,5,,123,12,0,135,
NG13,12,4,,132,0,0,132,
NG14,10,4,,108,0,48,156,
NG15,16,7,,168,6,24,198,
NG16,33,15,,420,0,303,723,
NG17,30,4,,162,0,0,162,
NG18,15,5,,150,12,120,282,
NG19,27,6,,279,12,48,339,
NG2,21,6,,168,0,0,168,
NG20,17,5,,41,0,84,125,
NG21,10,4,,102,0,48,150,
NG22,16,4,,81,36,60,177,
NG24,19,5,,198,0,0,198,
NG25,4,1,,60,0,0,60,
NG3,18,7,,78,0,9,87,
NG31,27,7,,151,21,0,172,
NG32,9,3,,48,0,0,48,
NG33,9,3,,38,0,0,38,
NG34,19,4,,81,0,0,81,
NG4,19,5,,216,0,24,240,
NG5,39,9,,183,0,24,207,
NG6,14,5,,0,0,30,30,
NG9,26,9,,240,0,12,252,
NN1,11,4,,71,0,0,71,
NN10,14,5,,67,0,0,67,
NN11,19,13,,146,0,0,146,
NN12,18,9,,55,0,0,55,
NN13,12,5,,73,0,0,73,
NN14,23,11,,176,0,0,176,
NN15,20,4,,47,0,0,47,
NN16,9,2,,24,0,0,24,
NN17,13,3,,22,9,14,45,
NN18,15,2,,23,0,0,23,
NN2,19,4,,40,0,0,40,
NN29,6,5,,73,0,0,73,
NN3,31,7,,70,0,0,70,
NN4,18,7,,149,0,0,149,
NN5,14,6,,66,0,0,66,
NN6,26,12,,135,0,0,135,
NN7,22,12,,105,0,0,105,
NN8,23,5,,75,0,0,75,
NN9,11,6,,19,0,9,28,
NP16,4,1,,56,0,0,56,
NP25,1,1,,4,0,0,4,
NR1,11,4,,12,6,24,42,
NR10,13,2,,24,0,0,24,
NR12,17,1,,28,0,0,28,
NR13,13,1,,24,0,0,24,
NR14,15,5,,107,0,0,107,
NR19,11,3,,96,0,25,121,
NR2,13,4,,158,36,24,218,
NR20,9,3,,60,0,0,60,
NR21,10,,,,,,0,
NR22,1,,,,,,0,
NR23,2,,,,,,0,
NR24,1,1,,0,36,0,36,
NR25,4,1,,5,0,0,5,
NR26,3,,,,,,0,
NR27,8,,,,,,0,
NR28,5,,,,,,0,
NR29,11,4,,24,0,36,60,
NR3,10,,,,,,0,
NR30,11,1,,11,0,0,11,
NR31,20,7,,9,0,0,9,
NR32,17,1,,9,0,0,9,
NR33,14,3,,10,0,0,10,
NR34,14,6,,78,0,0,78,
NR4,11,4,,121,0,48,169,
NR5,12,5,,96,0,10,106,
NR6,12,2,,48,0,30,78,
NR8,9,5,,72,48,90,210,
NR9,12,6,,111,14,0,125,
NW1,23,,,,,,0,
NW10,32,,,,,,0,
NW11,15,,,,,,0,
NW2,20,,,,,,0,
NW3,38,,,,,,0,
NW4,18,,,,,,0,
NW5,14,,,,,,0,
NW6,28,,,,,,0,
NW7,18,,,,,,0,
NW8,13,,,,,,0,
NW9,23,,,,,,0,
OL1,12,5,,210,0,48,258,
OL10,11,5,,123,0,0,123,
OL11,17,3,,44,0,100,144,
OL12,28,4,,121,0,57,178,
OL13,10,3,,120,0,0,120,
OL15,5,2,,40,0,0,40,
OL16,17,5,,214,0,27,241,
OL2,21,6,,60,0,92,152,
OL3,9,4,,97,0,76,173,
OL4,19,1,,0,0,30,30,
OL5,6,3,,75,0,0,75,
OL6,19,3,,102,0,0,102,
OL7,6,2,,85,0,0,85,
OL8,22,7,,238,28,178,444,
OL9,22,7,,383,34,213,630,
OX1,11,,,,,,0,
OX10,16,5,,177,14,0,191,
OX11,18,8,,233,100,0,333,
OX12,13,,,,,,0,
OX13,9,1,,27,0,0,27,
OX14,25,1,,7,0,0,7,
OX15,15,2,,57,0,0,57,
OX16,21,2,,30,0,0,30,
OX17,11,6,,100,0,0,100,
OX18,13,4,,59,32,0,91,
OX2,20,,,,,,0,
OX20,4,2,,41,9,0,50,
OX25,3,,,,,,0,
OX26,17,2,,15,0,0,15,
OX27,4,1,,10,0,0,10,
OX28,12,7,,89,6,0,95,
OX29,17,5,,105,0,0,105,
OX3,22,5,,114,0,0,114,
OX33,6,2,,20,0,0,20,
OX39,2,,,,,,0,
OX4,26,6,,192,0,15,207,
OX44,6,,,,,,0,
OX49,4,,,,,,0,
OX5,12,5,,123,0,0,123,
OX7,17,6,,63,0,0,63,
OX9,5,1,,18,18,0,36,
PE1,22,7,,22,0,0,22,
PE10,10,3,,119,36,0,155,
PE11,24,6,,97,0,7,104,
PE12,21,5,,74,0,40,114,
PE13,22,6,,31,0,0,31,
PE14,17,3,,42,0,0,42,
PE15,9,6,,139,0,0,139,
PE19,21,13,,219,0,0,219,
PE2,20,11,,171,0,0,171,
PE20,5,,,,,,0,
PE21,19,1,,40,0,0,40,
PE22,12,4,,83,0,0,83,
PE23,8,,,,,,0,
PE24,4,1,,55,0,0,55,
PE25,9,3,,106,0,0,106,
PE26,6,4,,90,0,0,90,
PE27,6,3,,72,0,0,72,
PE28,22,14,,150,0,0,150,
PE29,14,5,,75,0,0,75,
PE3,14,4,,34,0,0,34,
PE31,12,1,,9,0,0,9,
PE32,12,4,,81,22,0,103,
PE33,9,1,,18,0,0,18,
PE34,12,3,,32,0,0,32,
PE36,3,,,,,,0,
PE37,6,,,,,,0,
PE38,7,3,,12,0,0,12,
PE4,10,4,,29,0,0,29,
PE5,1,1,,22,0,0,22,
PE6,17,8,,219,0,0,219,
PE7,18,10,,74,13,0,87,
PE8,11,6,,62,0,0,62,
PE9,15,4,,46,0,0,46,
PL1,14,7,,258,0,135,393,
PL10,2,1,,0,0,12,12,
PL11,5,3,,31,0,18,49,
PL12,10,8,,186,0,36,222,
PL13,5,3,,113,0,57,170,
PL14,16,12,,241,16,145,402,
PL15,17,13,,178,0,162,340,
PL16,1,,,,,,0,
PL17,4,2,,78,0,12,90,
PL18,3,2,,24,0,36,60,
PL19,11,6,,136,0,29,165,
PL2,11,4,,113,0,109,222,
PL20,7,5,,18,0,11,29,
PL21,10,5,,60,0,9,69,
PL22,3,,,,,,0,
PL23,3,,,,,,0,
PL24,4,1,,137,0,0,137,
PL25,9,3,,267,0,0,267,
PL26,12,3,,127,0,34,161,
PL27,6,3,,122,0,3,125,
PL28,2,1,,46,0,20,66,
PL29,1,1,,11,0,0,11,
PL3,8,4,,162,0,103,265,
PL30,13,5,,126,0,68,194,
PL31,7,1,,36,0,0,36,
PL32,3,1,,20,0,10,30,
PL33,1,,,,,,0,
PL34,1,1,,9,0,10,19,
PL35,1,1,,10,0,0,10,
PL4,10,3,,54,117,77,248,
PL5,22,13,,374,29,173,576,
PL6,19,7,,359,0,189,548,
PL7,13,9,,128,5,202,335,
PL8,4,4,,59,0,0,59,
PL9,10,9,,306,0,177,483,
PO10,8,3,,59,0,0,59,
PO11,5,2,,36,0,0,36,
PO12,16,6,,200,0,0,200,
PO13,16,6,,124,0,0,124,
PO14,19,6,,140,65,0,205,
PO15,6,3,,46,0,0,46,
PO16,11,5,,252,0,0,252,
PO17,3,1,,27,0,0,27,
PO18,12,2,,35,0,0,35,
PO19,15,2,,66,0,0,66,
PO2,16,6,,69,0,0,69,
PO20,14,1,,14,0,0,14,
PO21,10,2,,105,0,0,105,
PO22,7,1,,90,0,0,90,
PO3,6,1,,72,0,0,72,
PO30,17,,,,,,0,
PO31,5,,,,,,0,
PO32,3,,,,,,0,
PO33,10,,,,,,0,
PO34,1,,,,,,0,
PO35,1,,,,,,0,
PO36,4,,,,,,0,
PO37,2,,,,,,0,
PO38,6,,,,,,0,
PO39,1,,,,,,0,
PO4,12,4,,102,0,0,102,
PO40,1,,,,,,0,
PO41,1,,,,,,0,
PO5,8,4,,40,0,0,40,
PO7,18,7,,122,0,0,122,
PO8,14,2,,139,0,0,139,
PO9,20,3,,39,0,0,39,
PR1,38,13,,43,0,15,58,
PR2,37,14,,196,0,30,226,
PR25,18,8,,29,0,98,127,
PR26,7,5,,97,0,16,113,
PR3,37,9,,157,30,54,241,
PR4,40,15,,186,0,30,216,
PR5,23,13,,129,0,56,185,
PR6,21,14,,335,0,140,475,
PR7,34,17,,434,12,134,580,
PR8,16,2,,28,0,0,28,
PR9,15,4,,94,0,0,94,
RG1,19,2,,0,0,3,3,
RG10,11,7,,201,24,0,225,
RG12,17,2,,20,0,0,20,
RG17,8,3,,91,0,0,91,
RG2,23,4,,30,0,0,30,
RG20,22,7,,96,0,0,96,
RG21,15,6,,174,0,0,174,
RG22,16,3,,132,0,0,132,
RG24,13,3,,161,0,0,161,
RG25,4,4,,33,0,0,33,
RG26,9,4,,101,0,0,101,
RG27,11,3,,54,0,0,54,
RG28,2,,,,,,0,
RG29,5,2,,37,0,0,37,
RG30,21,6,,170,24,30,224,
RG4,21,7,,179,111,10,300,
RG40,21,6,,179,9,4,192,
RG41,14,5,,99,0,0,99,
RG42,13,2,,29,0,0,29,
RG45,8,1,,11,0,0,11,
RG5,12,5,,11,5,0,16,
RG6,8,4,,101,0,0,101,
RG7,26,9,,87,12,0,99,
RG8,13,3,,50,0,0,50,
RG9,13,1,,17,0,0,17,
RH1,18,4,,34,0,0,34,
RH10,24,6,,319,0,0,319,
RH11,18,3,,96,0,0,96,
RH12,22,3,,128,0,0,128,
RH13,23,4,,100,0,0,100,
RH14,6,,,,,,0,
RH15,12,4,,235,0,0,235,
RH16,12,,,,,,0,
RH17,18,2,,56,0,0,56,
RH18,3,,,,,,0,
RH19,15,2,,20,0,0,20,
RH2,15,,,,,,0,
RH20,11,1,,18,0,0,18,
RH4,9,3,,150,0,0,150,
RH5,10,,,,,,0,
RH6,12,3,,71,0,0,71,
RH8,9,3,,33,0,0,33,
RH9,2,1,,20,0,0,20,
RM1,13,,,,,,0,
RM10,13,,,,,,0,
RM11,11,,,,,,0,
RM12,12,,,,,,0,
RM13,11,,,,,,0,
RM14,13,,,,,,0,
RM15,11,5,,51,0,0,51,
RM16,16,8,,144,0,43,187,
RM17,8,4,,92,0,3,95,
RM18,5,4,,7,0,34,41,
RM2,6,,,,,,0,
RM3,14,,,,,,0,
RM4,3,,,,,,0,
RM5,3,,,,,,0,
RM6,13,,,,,,0,
RM7,7,,,,,,0,
RM8,13,,,,,,0,
RM9,14,,,,,,0,
S1,1,,,,,,0,
S10,15,3,,206,0,0,206,
S11,10,3,,128,0,10,138,
S12,10,,,,,,0,
S13,10,2,,94,0,12,106,
S14,2,,,,,,0,
S17,6,1,,30,0,0,30,
S18,14,6,,354,0,121,475,
S2,18,1,,48,0,4,52,
S20,11,1,,71,0,0,71,
S21,11,2,,3,0,0,3,
S25,10,2,,56,0,0,56,
S26,14,,,,,,0,
S3,6,,,,,,0,
S32,5,2,,19,0,0,19,
S33,7,3,,0,38,38,76,
S35,19,5,,147,0,8,155,
S36,13,7,,160,0,0,160,
S4,6,,,,,,0,
S40,14,8,,373,7,86,466,
S41,18,11,,246,25,59,330,
S42,10,5,,150,2,7,159,
S43,21,5,,93,2,24,119,
S44,12,3,,115,1,3,119,
S45,6,2,,102,0,8,110,
S5,19,,,,,,0,
S6,16,1,,44,0,0,44,
S60,18,1,,26,0,0,26,
S61,15,,,,,,0,
S62,12,1,,20,0,0,20,
S63,18,1,,0,0,46,46,
S64,13,,,,,,0,
S66,18,,,,,,0,
S7,9,1,,40,0,0,40,
S70,15,2,,22,238,0,260,
S71,17,3,,65,0,0,65,
S72,10,1,,22,0,0,22,
S73,10,4,,88,0,0,88,
S74,8,4,,21,80,85,186,
S75,18,4,,75,0,53,128,
S8,14,3,,95,0,10,105,
S80,13,5,,235,0,36,271,
S81,14,5,,222,0,66,288,
S9,13,1,,60,0,0,60,
SE1,27,,,,,,0,
SE10,9,,,,,,0,
SE11,14,,,,,,0,
SE12,10,,,,,,0,
SE13,8,,,,,,0,
SE14,10,,,,,,0,
SE15,28,,,,,,0,
SE16,19,,,,,,0,
SE17,12,,,,,,0,
SE18,27,,,,,,0,
SE19,12,,,,,,0,
SE2,8,,,,,,0,
SE20,6,,,,,,0,
SE21,11,,,,,,0,
SE22,11,,,,,,0,
SE23,14,,,,,,0,
SE24,8,,,,,,0,
SE25,13,,,,,,0,
SE26,10,,,,,,0,
SE27,6,,,,,,0,
SE28,11,,,,,,0,
SE3,18,,,,,,0,
SE4,9,,,,,,0,
SE5,18,,,,,,0,
SE6,18,,,,,,0,
SE7,9,,,,,,0,
SE8,12,,,,,,0,
SE9,29,,,,,,0,
SG10,2,,,,,,0,
SG13,10,4,,34,0,0,34,
SG16,4,3,,37,0,0,37,
SG17,6,3,,56,0,0,56,
SG18,12,4,,39,0,0,39,
SG19,12,4,,20,0,0,20,
SG2,22,3,,14,0,0,14,
SG3,3,,,,,,0,
SG4,19,8,,97,0,0,97,
SG5,17,8,,111,0,0,111,
SG6,17,4,,37,0,0,37,
SG7,8,,,,,,0,
SG8,22,9,,118,0,0,118,
SK1,5,,,,,,0,
SK10,22,8,,327,46,46,419,
SK11,17,3,,115,0,0,115,
SK12,9,1,,110,0,0,110,
SK13,20,6,,84,0,0,84,
SK14,22,3,,74,0,0,74,
SK15,14,4,,144,0,0,144,
SK16,11,2,,77,0,0,77,
SK17,26,5,,48,4,89,141,
SK2,11,1,,29,0,0,29,
SK22,9,6,,76,0,0,76,
SK23,10,2,,23,0,29,52,
SK3,15,3,,33,0,0,33,
SK4,19,6,,146,0,0,146,
SK5,14,1,,30,0,0,30,
SK6,21,4,,118,0,0,118,
SK7,15,5,,132,0,0,132,
SK8,32,4,,48,60,0,108,
SK9,16,6,,262,65,1,328,
SL0,4,1,,23,0,0,23,
SL1,29,2,,36,0,0,36,
SL3,21,,,,,,0,
SL4,30,1,,23,0,0,23,
SL5,15,,,,,,0,
SL6,42,7,,268,0,0,268,
SL7,12,2,,24,0,0,24,
SL8,3,1,,24,0,0,24,
SL9,10,3,,96,0,0,96,
SM1,11,,,,,,0,
SM3,9,,,,,,0,
SM4,12,,,,,,0,
SM5,18,,,,,,0,
SM6,15,,,,,,0,
SM7,8,2,,38,0,0,38,
SN1,9,3,,96,0,0,96,
SN10,20,4,,107,0,0,107,
SN12,11,3,,43,0,0,43,
SN13,7,6,,18,0,0,18,
SN14,14,9,,80,18,0,98,
SN15,17,12,,73,0,0,73,
SN16,8,6,,80,0,0,80,
SN2,15,1,,23,0,0,23,
SN25,18,5,,141,0,0,141,
SN26,1,,,,,,0,
SN3,23,2,,49,0,0,49,
SN4,12,2,,12,0,0,12,
SN5,14,4,,78,0,0,78,
SN6,14,4,,120,18,0,138,
SN7,9,,,,,,0,
SN8,15,12,,169,0,0,169,
SN9,6,2,,18,0,0,18,
SO15,14,,,,,,0,
SO16,28,7,,84,0,48,132,
SO17,5,1,,36,0,0,36,
SO19,19,7,,36,0,89,125,
SO20,5,2,,0,0,39,39,
SO21,14,6,,94,0,0,94,
SO22,11,5,,190,0,0,190,
SO23,8,2,,41,0,0,41,
SO24,6,2,,33,0,0,33,
SO30,9,5,,96,12,0,108,
SO31,15,3,,90,0,0,90,
SO32,11,3,,47,0,0,47,
SO40,19,4,,143,0,0,143,
SO41,15,5,,155,0,0,155,
SO42,2,1,,28,0,0,28,
SO43,4,,,,,,0,
SO45,16,4,,158,0,0,158,
SO50,16,8,,237,0,0,237,
SO51,15,10,,292,2,121,415,
SO52,2,,,,,,0,
SO53,14,7,,153,0,0,153,
SP1,19,9,,46,0,0,46,
SP10,19,4,,129,0,120,249,
SP11,22,9,,123,0,30,153,
SP2,13,3,,53,0,0,53,
SP3,8,6,,8,0,0,8,
SP4,20,11,,54,0,0,54,
SP5,14,6,,61,0,0,61,
SP6,9,5,,93,0,0,93,
SP7,8,3,,4,11,0,15,
SP8,7,,,,,,0,
SR1,1,,,,,,0,
SR2,19,3,,8,0,2,10,
SR3,17,4,,15,0,3,18,
SR5,16,7,,74,0,23,97,
SR8,20,6,,129,0,0,129,
SS1,6,3,,186,0,0,186,
SS11,5,2,,42,0,0,42,
SS12,7,5,,14,0,0,14,
SS15,9,3,,24,0,0,24,
SS16,10,4,,23,27,0,50,
SS17,11,7,,153,0,0,153,
SS2,13,1,,0,0,149,149,
SS3,9,4,,24,0,0,24,
SS4,10,3,,48,0,0,48,
SS5,5,1,,24,0,0,24,
SS6,10,1,,24,0,0,24,
SS7,18,8,,132,36,18,186,
SS8,12,2,,42,0,0,42,
SS9,18,7,,348,0,0,348,
ST1,14,3,,101,0,120,221,
ST10,19,7,,374,0,0,374,
ST11,9,3,,96,55,55,206,
ST12,2,1,,25,0,0,25,
ST13,17,2,,17,24,24,65,
ST14,17,3,,314,48,98,460,
ST15,11,5,,604,0,98,702,
ST16,10,5,,29,0,100,129,
ST17,22,11,,1007,0,76,1083,
ST18,13,7,,325,0,20,345,
ST19,14,1,,48,60,60,168,
ST2,15,4,,209,0,6,215,
ST20,3,3,,192,0,0,192,
ST21,3,,,,,,0,
ST3,27,5,,318,0,0,318,
ST4,22,8,,357,269,338,964,
ST5,38,15,,647,82,86,815,
ST6,26,7,,364,0,60,424,
ST7,28,8,,473,0,120,593,
ST8,10,2,,118,27,34,179,
ST9,8,3,,131,0,0,131,
SW10,6,,,,,,0,
SW11,24,,,,,,0,
SW12,16,,,,,,0,
SW13,6,,,,,,0,
SW14,6,,,,,,0,
SW15,26,,,,,,0,
SW16,16,,,,,,0,
SW17,23,,,,,,0,
SW18,18,,,,,,0,
SW19,31,,,,,,0,
SW1E,1,,,,,,0,
SW1H,1,,,,,,0,
SW1P,10,,,,,,0,
SW1V,7,,,,,,0,
SW1W,5,,,,,,0,
SW1X,5,,,,,,0,
SW2,16,,,,,,0,
SW20,14,,,,,,0,
SW3,10,,,,,,0,
SW4,17,,,,,,0,
SW5,5,,,,,,0,
SW6,25,,,,,,0,
SW7,9,,,,,,0,
SW8,9,,,,,,0,
SW9,12,,,,,,0,
SY1,13,4,,91,3,0,94,
SY10,7,3,,30,0,0,30,
SY11,12,4,,56,0,0,56,
SY12,6,3,,24,0,0,24,
SY13,10,,,,,,0,
SY14,5,,,,,,0,
SY15,1,,,,,,0,
SY2,8,2,,41,0,0,41,
SY3,12,3,,33,24,0,57,
SY4,20,7,,89,94,0,183,
SY5,13,5,,44,0,0,44,
SY6,4,2,,20,0,0,20,
SY7,11,2,,30,13,0,43,
SY8,9,2,,21,0,0,21,
TA1,16,5,,124,0,0,124,
TA10,6,4,,110,0,0,110,
TA11,5,2,,36,0,0,36,
TA12,3,2,,54,0,0,54,
TA13,2,2,,18,0,0,18,
TA14,3,2,,30,0,0,30,
TA15,1,1,,24,0,0,24,
TA16,1,,,,,,0,
TA17,1,,,,,,0,
TA18,8,,,,,,0,
TA19,6,1,,31,0,0,31,
TA2,18,4,,69,0,0,69,
TA20,11,3,,51,0,0,51,
TA21,13,7,,88,0,0,88,
TA22,2,1,,18,0,0,18,
TA23,2,,,,,,0,
TA24,9,,,,,,0,
TA3,11,5,,117,0,0,117,
TA4,11,7,,208,0,0,208,
TA5,7,2,,30,0,0,30,
TA6,21,7,,138,0,0,138,
TA7,10,4,,65,0,0,65,
TA8,4,1,,12,0,0,12,
TA9,8,,,,,,0,
TD15,16,,,,,,0,
TF1,15,2,,96,0,0,96,
TF10,12,2,,96,0,0,96,
TF11,7,1,,17,0,0,17,
TF12,3,2,,27,18,0,45,
TF13,3,1,,17,0,0,17,
TF2,17,2,,84,0,0,84,
TF3,10,1,,72,0,0,72,
TF4,11,,,,,,0,
TF5,1,,,,,,0,
TF6,5,1,,36,0,0,36,
TF7,10,,,,,,0,
TF8,2,,,,,,0,
TF9,14,4,,44,0,0,44,
TN1,1,,,,,,0,
TN10,6,,,,,,0,
TN11,13,4,,65,0,0,65,
TN12,10,,,,,,0,
TN13,16,2,,77,0,0,77,
TN14,10,2,,40,0,0,40,
TN15,14,1,,13,0,0,13,
TN16,7,2,,43,0,0,43,
TN17,12,3,,53,0,0,53,
TN18,4,,,,,,0,
TN2,12,1,,64,0,0,64,
TN20,4,1,,21,0,0,21,
TN21,8,6,,120,0,24,144,
TN22,16,11,,75,0,0,75,
TN23,15,10,,377,61,94,532,
TN24,13,4,,212,0,0,212,
TN25,15,7,,141,0,0,141,
TN26,4,2,,46,0,0,46,
TN27,8,3,,12,0,0,12,
TN28,3,,,,,,0,
TN29,4,1,,11,0,0,11,
TN3,9,2,,28,0,0,28,
TN30,6,,,,,,0,
TN31,8,5,,44,0,0,44,
TN32,7,3,,28,0,0,28,
TN33,9,6,,74,0,0,74,
TN37,6,4,,42,0,0,42,
TN38,9,4,,11,0,0,11,
TN4,16,5,,117,20,0,137,
TN40,7,4,,30,0,0,30,
TN5,6,2,,0,0,30,30,
TN6,9,4,,44,0,0,44,
TN8,6,1,,22,0,0,22,
TN9,9,2,,49,11,0,60,
TQ1,14,4,,101,4,0,105,
TQ10,1,,,,,,0,
TQ12,27,15,,121,0,0,121,
TQ13,14,5,,39,0,0,39,
TQ2,13,3,,140,0,0,140,
TQ3,7,4,,116,8,12,136,
TQ4,5,1,,28,0,0,28,
TQ5,7,5,,63,0,0,63,
TQ8,1,,,,,,0,
TQ9,18,7,,92,0,0,92,
TR1,11,3,,23,0,0,23,
TR10,3,2,,24,0,0,24,
TR11,10,3,,98,0,0,98,
TR12,9,4,,36,0,0,36,
TR13,12,5,,66,0,0,66,
TR14,14,5,,71,0,0,71,
TR15,7,,,,,,0,
TR16,7,3,,24,0,0,24,
TR17,1,,,,,,0,
TR18,9,6,,46,0,29,75,
TR19,7,5,,41,0,0,41,
TR2,9,5,,63,0,0,63,
TR20,8,3,,69,0,0,69,
TR21,1,,,,,,0,
TR26,4,1,,20,0,0,20,
TR27,8,4,,81,0,0,81,
TR3,7,5,,81,0,0,81,
TR4,11,3,,24,0,0,24,
TR5,2,,,,,,0,
TR6,1,,,,,,0,
TR7,6,2,,121,0,0,121,
TR8,5,1,,21,0,0,21,
TR9,2,1,,36,0,0,36,
TS1,5,,,,,,0,
TS10,15,5,,48,0,101,149,
TS11,5,1,,53,0,0,53,
TS12,10,,,,,,0,
TS13,6,,,,,,0,
TS14,7,4,,12,0,0,12,
TS15,8,3,,45,0,0,45,
TS16,7,1,,25,0,0,25,
TS17,18,1,,71,0,0,71,
TS18,8,,,,,,0,
TS19,17,,,,,,0,
TS2,1,,,,,,0,
TS20,9,,,,,,0,
TS22,5,,,,,,0,
TS23,11,1,,15,0,0,15,
TS24,11,,,,,,0,
TS25,18,,,,,,0,
TS26,7,,,,,,0,
TS27,7,1,,6,0,0,6,
TS28,4,,,,,,0,
TS29,3,,,,,,0,
TS3,19,,,,,,0,
TS4,9,,,,,,0,
TS5,12,1,,2,0,2,4,
TS6,15,5,,89,0,32,121,
TS7,11,1,,2,0,2,4,
TS8,7,2,,41,0,0,41,
TS9,8,,,,,,0,
TW1,10,,,,,,0,
TW10,12,,,,,,0,
TW11,7,,,,,,0,
TW12,11,,,,,,0,
TW13,15,,,,,,0,
TW14,8,,,,,,0,
TW15,9,5,,87,0,0,87,
TW16,9,2,,32,0,0,32,
TW17,6,,,,,,0,
TW19,3,,,,,,0,
TW2,17,,,,,,0,
TW20,10,3,,30,0,0,30,
TW3,10,,,,,,0,
TW4,8,,,,,,0,
TW5,10,,,,,,0,
TW7,16,,,,,,0,
TW8,7,,,,,,0,
TW9,10,,,,,,0,
UB1,16,,,,,,0,
UB10,16,,,,,,0,
UB2,14,,,,,,0,
UB3,15,,,,,,0,
UB4,16,,,,,,0,
UB5,12,,,,,,0,
UB6,15,,,,,,0,
UB7,12,,,,,,0,
UB8,15,,,,,,0,
UB9,5,,,,,,0,
W10,23,,,,,,0,
W11,12,,,,,,0,
W12,21,,,,,,0,
W13,10,,,,,,0,
W14,13,,,,,,0,
W1B,3,,,,,,0,
W1D,1,,,,,,0,
W1G,1,,,,,,0,
W1H,6,,,,,,0,
W1J,1,,,,,,0,
W1K,1,,,,,,0,
W1U,3,,,,,,0,
W1W,1,,,,,,0,
W2,15,,,,,,0,
W3,21,,,,,,0,
W4,14,,,,,,0,
W5,17,,,,,,0,
W6,24,,,,,,0,
W7,11,,,,,,0,
W8,7,,,,,,0,
W9,12,,,,,,0,
WA1,11,4,,120,0,26,146,
WA10,13,1,,19,0,0,19,
WA11,14,,,,,,0,
WA12,10,2,,18,19,0,37,
WA13,6,2,,81,0,27,108,
WA14,16,1,,50,0,0,50,
WA15,18,1,,18,0,0,18,
WA16,12,2,,118,0,60,178,
WA2,17,5,,64,0,0,64,
WA3,23,5,,77,0,0,77,
WA4,24,5,,96,12,0,108,
WA5,23,8,,141,0,0,141,
WA6,12,6,,56,0,0,56,
WA7,40,12,,172,0,0,172,
WA8,30,6,,177,0,0,177,
WA9,21,1,,33,0,0,33,
WC1A,1,,,,,,0,
WC1B,1,,,,,,0,
WC1H,1,,,,,,0,
WC1N,3,,,,,,0,
WC2B,2,,,,,,0,
WC2E,1,,,,,,0,
WD18,12,3,,66,0,0,66,
WD19,9,,,,,,0,
WD23,20,4,,36,0,0,36,
WD24,7,2,,67,0,0,67,
WD25,17,2,,22,0,0,22,
WD3,25,9,,123,0,0,123,
WD4,4,1,,27,0,0,27,
WD6,17,,,,,,0,
WD7,9,3,,32,0,0,32,
WF1,19,3,,125,0,0,125,
WF10,18,2,,47,0,0,47,
WF11,8,,,,,,0,
WF12,18,7,,97,0,40,137,
WF13,15,6,,42,0,21,63,
WF14,8,3,,136,0,0,136,
WF15,9,7,,102,0,89,191,
WF16,5,2,,28,0,67,95,
WF17,27,17,,200,0,141,341,
WF2,21,2,,77,0,0,77,
WF3,13,6,,255,0,6,261,
WF4,24,7,,183,0,45,228,
WF5,12,1,,28,0,0,28,
WF6,10,1,,30,0,0,30,
WF7,13,3,,102,0,0,102,
WF8,17,,,,,,0,
WF9,18,1,,28,0,0,28,
WN1,9,1,,20,0,0,20,
WN2,27,6,,22,0,0,22,
WN3,12,2,,40,0,0,40,
WN4,14,4,,10,0,0,10,
WN5,16,,,,,,0,
WN6,16,5,,70,0,0,70,
WN7,19,3,,26,0,0,26,
WN8,31,6,,121,0,0,121,
WR10,13,5,,27,0,0,27,
WR11,23,8,,66,0,0,66,
WR12,4,3,,27,0,0,27,
WR14,15,6,,53,0,0,53,
WR15,4,1,,18,0,0,18,
WR2,13,6,,120,0,0,120,
WR3,9,3,,98,0,0,98,
WR5,15,4,,53,0,0,53,
WR6,11,2,,26,0,0,26,
WR8,5,3,,63,0,0,63,
WR9,14,6,,25,0,0,25,
WS1,16,,,,,,0,
WS10,22,4,,49,0,30,79,
WS11,18,7,,421,24,63,508,
WS12,14,5,,584,24,24,632,
WS13,16,8,,501,60,43,604,
WS14,8,3,,86,0,0,86,
WS15,19,4,,204,24,24,252,
WS2,19,,,,,,0,
WS3,25,2,,12,0,30,42,
WS4,9,1,,20,0,0,20,
WS5,7,,,,,,0,
WS6,7,,,,,,0,
WS7,11,3,,264,0,0,264,
WS8,9,,,,,,0,
WS9,12,2,,86,0,0,86,
WV1,7,,,,,,0,
WV10,23,,,,,,0,
WV11,16,,,,,,0,
WV12,11,,,,,,0,
WV13,5,,,,,,0,
WV15,3,,,,,,0,
WV16,9,3,,27,0,0,27,
WV2,5,,,,,,0,
WV3,13,,,,,,0,
WV4,20,,,,,,0,
WV5,8,1,,57,0,0,57,
WV6,22,1,,120,60,60,240,
WV7,3,,,,,,0,
WV8,9,1,,80,18,18,116,
WV9,2,,,,,,0,
YO10,11,2,,49,0,0,49,
YO12,13,7,,85,14,0,99,
YO13,7,,,,,,0,
YO15,4,,,,,,0,
YO17,15,3,,10,0,0,10,
YO18,6,2,,58,0,0,58,
YO19,7,,,,,,0,
YO22,7,,,,,,0,
YO23,10,5,,142,56,0,198,
YO26,14,3,,76,0,0,76,
YO30,10,3,,71,7,0,78,
YO31,9,2,,33,16,0,49,
YO32,9,4,,42,0,36,78,
YO41,7,,,,,,0,
YO42,9,1,,9,0,0,9,
YO51,5,2,,27,0,0,27,
YO60,5,,,,,,0,
YO61,10,3,,70,0,0,70,
YO7,17,2,,14,0,0,14,
YO8,25,5,,48,0,0,48,
